{"cameraMode":{"drawMode":0,"name":"Shaded","section":"Shading Mode"},"sceneLighting":false,"audioPlay":false,"sceneViewState":{"showFog":true,"showMaterialUpdate":true,"showSkybox":true,"showFlares":true,"showImageEffects":true,"showParticleSystems":true},"in2DMode":false,"pivot":{"x":-0.02062566578388214,"y":-0.469551682472229,"z":0.8682326078414917},"rotation":{"x":0.5129681825637817,"y":-0.020601488649845125,"z":0.012316326610744,"w":0.8580719828605652},"size":6.305269241333008,"orthographic":false}