{"cameraMode":{"drawMode":0,"name":"Shaded","section":"Shading Mode"},"sceneLighting":false,"audioPlay":false,"sceneViewState":{"showFog":true,"showMaterialUpdate":true,"showSkybox":true,"showFlares":true,"showImageEffects":true,"showParticleSystems":true},"in2DMode":false,"pivot":{"x":-0.1754387766122818,"y":0.03669160604476929,"z":0.026689648628234865},"rotation":{"x":0.05337737873196602,"y":-0.0014971814816817642,"z":0.00008054826321313158,"w":0.9985733032226563},"size":1.1891679763793946,"orthographic":false}