{"cameraMode":{"drawMode":0,"name":"Shaded","section":"Shading Mode"},"sceneLighting":false,"audioPlay":false,"sceneViewState":{"showFog":true,"showMaterialUpdate":true,"showSkybox":true,"showFlares":true,"showImageEffects":true,"showParticleSystems":true},"in2DMode":false,"pivot":{"x":6.833815574645996,"y":5.445369720458984,"z":-1.1250078678131104},"rotation":{"x":0.150814950466156,"y":-0.5705831050872803,"z":0.10755599290132523,"w":0.8000760078430176},"size":12.306608200073243,"orthographic":false}