{"cameraMode":{"drawMode":0,"name":"Shaded","section":"Shading Mode"},"sceneLighting":false,"audioPlay":false,"sceneViewState":{"showFog":true,"showMaterialUpdate":true,"showSkybox":true,"showFlares":true,"showImageEffects":true,"showParticleSystems":true},"in2DMode":false,"pivot":{"x":0.10190140455961228,"y":0.32052651047706606,"z":0.43283724784851076},"rotation":{"x":0.10635605454444885,"y":0.06854790449142456,"z":-0.0073493174277246,"w":0.9919352531433106},"size":1.5052683353424073,"orthographic":false}