{"cameraMode":{"drawMode":0,"name":"Shaded","section":"Shading Mode"},"sceneLighting":false,"audioPlay":false,"sceneViewState":{"showFog":true,"showMaterialUpdate":true,"showSkybox":true,"showFlares":true,"showImageEffects":true,"showParticleSystems":true},"in2DMode":false,"pivot":{"x":2.9802322387695315e-8,"y":0.5,"z":-5.960464477539063e-8},"rotation":{"x":0.4377664625644684,"y":0.02561408095061779,"z":-0.012477336451411248,"w":0.8986371755599976},"size":2.4052681922912599,"orthographic":false}